KFG福岡ビル,812-0011,福岡県福岡市博多区博多駅前２丁目,080- 873-2484,shimura_ayame@example.com
ヴィラージュ博多駅前オフィス,812-0011,福岡県福岡市博多区博多駅前４丁目,080-6679-4928,wakamatsu_satomi@example.com
南日本博多ビル,812-0039,福岡県福岡市博多区冷泉町１０－２１,090-4257-4257,mizoguchi_kimiaki@example.com
リアンプレミアム博多駅前ビル,812-0011,福岡県福岡市博多区博多駅前３丁目２９６,090-7666-6063,yamase_suzuka@example.com
博多新三井ビルディング,812-0011,福岡県福岡市博多区博多駅前1-1-1,080-7940-9678,shikatebukuro_tomofumi@example.com
安田三井不動産ビル,812-0011,福岡県福岡市博多区博多駅前2-3-23,080-3976-7409,nagasaki_tsutomu@example.com
アーバンネット博多ビル,812-0013,福岡県福岡市博多区博多駅東2-5-1,090-7778-3793,shimoda_rina@example.com
呉服町ビジネスセンター,812-0036,福岡県福岡市博多区上呉服町10-10,080-1550-7549,nogami_sachiko@example.com
博多駅前センタービル,812-0011,福岡県福岡市博多区博多駅前1-14-16,090-6912-8764,teduka_myuu@example.com
サンイースト福岡ビル,812-0031,福岡県福岡市博多区沖浜町11-10,090-1044-3038,kai_masahiko@example.com
曽根崎ビル,812-0011,福岡県福岡市博多区博多駅前3-18-1,080-2134-8358,umino_kurumi@example.com
アークビルド,812-0013,福岡県福岡市博多区博多駅東1-14-34,080-8570-847,shiraki_rena@example.com
フジランド福岡営業所,810-0802,福岡県福岡市博多区中洲中島町2-3,090-8169-1320,watabe_masashi@example.com
グローバルボックス,812-0011,福岡県福岡市博多区博多駅前3-6-12,080-6290-3185,umeda_mitsuomi@example.com
詩仙産業株式会社福岡支店,812-0013,福岡県福岡市博多区博多駅東3-3-3,080-713-8246,ochiai_yuuta@example.com
正和ビル,812-0873,福岡県福岡市博多区西春町4丁目1-20,080-2173-3184,kusamura_mia@example.com
宝ビル,810-0801,福岡県福岡市博多区中洲3丁目7-7,090-4252-4037,noda_kazuyuki@example.com
第五博多偕成ビル,812-0013,福岡県福岡市博多区博多駅東1丁目18-25,090-9939-6633,nishii_miki@example.com
博多ステーションビル,812-0012,福岡県福岡市博多区博多駅中央街1-1,090- 843-4083,yamagami_keiko@example.com
ハニービル,812-0013,福岡県福岡市博多区博多駅東2-2-2,080-5686-6324,nishiwaki_miki@example.com
