志村 綾女,しむら あやめ,shimura_ayame@example.com,080- 873-2484
若松 さとみ,わかまつ さとみ,wakamatsu_satomi@example.com,080-6679-4928
溝口 公顕,みぞぐち きみあき,mizoguchi_kimiaki@example.com,090-4257-4257
山瀬 寿々花,やませ すずか,yamase_suzuka@example.com,090-7666-6063
鹿手袋 知史,しかてぶくろ ともふみ,shikatebukuro_tomofumi@example.com,080-7940-9678
長崎 勤,ながさき つとむ,nagasaki_tsutomu@example.com,080-3976-7409
下田 里奈,しもだ りな,shimoda_rina@example.com,090-7778-3793
野上 幸子,のがみ さちこ,nogami_sachiko@example.com,080-1550-7549
手塚 美優,てづか みゅう,teduka_myuu@example.com,090-6912-8764
甲斐 雅彦,かい まさひこ,kai_masahiko@example.com,090-1044-3038
海野 くるみ,うみの くるみ,umino_kurumi@example.com,080-2134-8358
白木 麗奈,しらき れな,shiraki_rena@example.com,080-8570- 847
渡部 まさし,わたべ まさし,watabe_masashi@example.com,090-8169-1320
梅田 光臣,うめだ みつおみ,umeda_mitsuomi@example.com,080-6290-3185
落合 勇太,おちあい ゆうた,ochiai_yuuta@example.com,080- 713-8246
草村 みあ,くさむら みあ,kusamura_mia@example.com,080-2173-3184
野田 和之,のだ かずゆき,noda_kazuyuki@example.com,090-4252-4037
西井 みき,にしい みき,nishii_miki@example.com,090-9939-6633
山上 景子,やまがみ けいこ,yamagami_keiko@example.com,090- 843-4083
西脇 美希,にしわき みき,nishiwaki_miki@example.com,080-5686-6324
小島 一代,こじま かずよ,kojima_kazuyo@example.com,080-2141-8206
小寺 杏,こでら あん,kodera_ann@example.com,080-7785-7241
北山 利夫,きたやま としお,kitayama_toshio@example.com,090-7899-7516
土橋 みき,つちはし みき,tsuchihashi_miki@example.com,080- 959-8939
三枝 龍吉,さんし りゅうきち,sannshi_ryuukichi@example.com,090-8639-8404
桜井 一代,さくらい かずよ,sakurai_kazuyo@example.com,080-5351-5651
沢 路子,さわ みちこ,sawa_michiko@example.com,090-9894-6876
西浦 利夫,にしうら としお,nishiura_toshio@example.com,080-1684- 170
柳田 涼,やなぎだ りょう,yanagida_ryou@example.com,080-6899-9680
稲垣 鉄二,いながき てつじ,inagaki_tetsuji@example.com,080-5952-8041
藤井 美帆,ふじい みほ,fujii_miho@example.com,090-6308-4659
小久保 兼,こくぼ けん,kokubo_ken@example.com,090-1709-8431
西山 敏也,にしやま としや,nishiyama_toshiya@example.com,080-9912-7360
高見 信吾,たかみ しんご,takami_shingo@example.com,090-6739-4882
中尾 竜次,なかお りゅうじ,nakao_ryuuji@example.com,090-1538-9278
立川 勇介,たちかわ ゆうすけ,tachikawa_yuusuke@example.com,090-9393-6434
田村 さとみ,たむら さとみ,tamura_satomi@example.com,090-4722-2559
明石家 みあ,あかしや みあ,akashiya_mia@example.com,090- 215-9120
上野 扶樹,うえの もとき,ueno_motoki@example.com,080-5258-8271
末永 敦,すえなが あつし,suenaga_atsushi@example.com,080-7635-1960
河内 光博,かわうち みつひろ,kawauchi_mitsuhiro@example.com,080-9512-9411
松村 翔子,まつむら しょうこ,matsumura_shouko@example.com,080-4937-6296
葛西 まひる,かさい まひる,kasai_mahiru@example.com,090-9228-3857
中田 亮,なかた りょう,nakata_ryou@example.com,090-5578-3995
勝田 浩太郎,かつだ こうたろう,katsuda_koutarou@example.com,090-4326-7109
窪田 さやか,くぼた さやか,kubota_sayaka@example.com,080-8146-8698
吉村 季衣,よしむら としえ,yoshimura_toshie@example.com,080-2635-4625
黒谷 なつみ,くろたに なつみ,kurotani_natsumi@example.com,080-2175-5472
笠原 裕次郎,かさはら ゆうじろう,kasahara_yuujirou@example.com,080-5147- 933
久保田 ひとみ,くぼた ひとみ,kubota_hitomi@example.com,080-4918-1855
秋山 美咲,あきやま みさき,akiyama_misaki@example.com,090-5906-8958
豊原 咲,とよはら さき,toyohara_saki@example.com,080-3811-7108
桜井 裕司,さくらい ゆうじ,sakurai_yuuji@example.com,090- 332-1608
井口 サダヲ,いぐち さだお,iguchi_sadawo@example.com,090-3073-4405
三村 輝信,みむら あきのぶ,mimura_akinobu@example.com,090-6117-6783
新垣 ひろ子,にいがき ひろこ,niigaki_hiroko@example.com,090-7997-1567
横尾 恵美,よこお めぐみ,yokoo_megumi@example.com,080-7965-1576
新村 俊介,にいむら しゅんすけ,niimura_shunsuke@example.com,080- 584-1683
西原 淳,にしはら あつし,nishihara_atsushi@example.com,090-5592-6235
津川 早織,つがわ さおり,tsugawa_saori@example.com,090-2745-3551
一木 美紀,いちき みき,ichiki_miki@example.com,080-2605-  47
熊倉 敏也,くまくら としや,kumakura_toshiya@example.com,080-2464-9245
村瀬 あさみ,むらせ あさみ,murase_asami@example.com,080-9115- 895
浜野 季衣,はまの としえ,hamano_toshie@example.com,090-6736-9288
中川 杏,なかがわ あん,nakagawa_ann@example.com,080-  87-6039
豊田 さやか,とよた さやか,toyota_sayaka@example.com,090-7244-4980
桑原 精児,くわばら せいじ,kuwabara_seiji@example.com,090-4242-1393
石渡 めぐみ,いしわたり めぐみ,ishiwatari_megumi@example.com,090-8566-8378
畑 璃子,はたけ りこ,hatake_riko@example.com,090-9570-  63
西 薫,にし かおる,nishi_kaoru@example.com,090-9039-7435
川崎 真一,かわさき しんいち,kawasaki_shinichi@example.com,090-3674-2379
川西 はるみ,かわにし はるみ,kawanishi_harumi@example.com,090-4489-1961
西岡 真奈美,にしおか まなみ,nishioka_manami@example.com,080-2851- 544
金城 陽介,かなしろ ようすけ,kanashiro_yousuke@example.com,080-9943-3570
須田 麗奈,すだ れな,suda_rena@example.com,090-8359-2099
田川 直人,たがわ なおと,tagawa_naoto@example.com,090-2914-3780
栗林 璃奈子,くりばやし りなこ,kuribayashi_rinako@example.com,090-2096- 657
須賀 守,すが まもる,suga_mamoru@example.com,080-8991-1246
長田 なつみ,ながた なつみ,nagata_natsumi@example.com,090-5041-7171
仲村 瑠璃亜,なかむら るりあ,nakamura_ruria@example.com,080- 610-4838
黒岩 充則,くろいわ みつのり,kuroiwa_mitsunori@example.com,090-8616-4820
米沢 勇一,よねざわ ゆういち,yonezawa_yuuichi@example.com,090-8313- 450
中島 あや子,なかじま あやこ,nakajima_ayako@example.com,090-2342-9498
勝地 浩太郎,かつぢ こうたろう,katsudi_koutarou@example.com,080-  77-8080
高山 真悠子,たかやま まゆこ,takayama_mayuko@example.com,080-7060-1775
柳川 茂樹,やながわ しげき,yanagawa_shigeki@example.com,090-4243-2493
水上 彩華,みずかみ あやか,mizukami_ayaka@example.com,080-5148-5747
藤井 夏希,ふじい なつき,fujii_natsuki@example.com,090-9862-6806
増井 圭,ますい けい,masui_kei@example.com,090-1488-2919
中川 恭子,なかがわ きょうこ,nakagawa_kyouko@example.com,090-1096-8242
水上 佑,みずかみ たすく,mizukami_tasuku@example.com,080-8025-2289
今井 翔太,いまい しょうた,imai_shouta@example.com,080-9717-9343
酒井 はるみ,さかい はるみ,sakai_harumi@example.com,080-2191- 315
高岡 明日,たかおか めいび,takaoka_meibi@example.com,080-8165-4787
土田 まみ,つちだ まみ,tsuchida_mami@example.com,090-4721- 108
小畑 禄郎,おばた ろくろう,obata_rokurou@example.com,090- 434-2916
板垣 愛子,いたがき あいこ,itagaki_aiko@example.com,090-4801-8691
内田 明日,うちだ めいび,uchida_meibi@example.com,080-6020-4912
森田 ひとり,もりた ひとり,morita_hitori@example.com,090-2410-4793
喜多 裕次郎,きた ゆうじろう,kita_yuujirou@example.com,090-3952-1633